{"cameraMode":{"drawMode":0,"name":"Shaded","section":"Shading Mode"},"sceneLighting":false,"audioPlay":false,"sceneViewState":{"showFog":true,"showMaterialUpdate":true,"showSkybox":true,"showFlares":true,"showImageEffects":true,"showParticleSystems":true},"in2DMode":false,"pivot":{"x":-16.846765518188478,"y":-47.47669219970703,"z":48.36774444580078},"rotation":{"x":-0.01389008667320013,"y":0.932447612285614,"z":-0.35931381583213808,"w":-0.036114197224378589},"size":245.5300750732422,"orthographic":false}