{"cameraMode":{"drawMode":0,"name":"Shaded","section":"Shading Mode"},"sceneLighting":false,"audioPlay":false,"sceneViewState":{"showFog":true,"showMaterialUpdate":true,"showSkybox":false,"showFlares":true,"showImageEffects":true,"showParticleSystems":true},"in2DMode":false,"pivot":{"x":-17.48952293395996,"y":17.252197265625,"z":135.69442749023438},"rotation":{"x":0.10974746942520142,"y":-0.8900858759880066,"z":0.3033891022205353,"w":0.3220003843307495},"size":324.08685302734377,"orthographic":false}