{"cameraMode":{"drawMode":0,"name":"Shaded","section":"Shading Mode"},"sceneLighting":false,"audioPlay":false,"sceneViewState":{"showFog":true,"showMaterialUpdate":true,"showSkybox":false,"showFlares":true,"showImageEffects":true,"showParticleSystems":true},"in2DMode":false,"pivot":{"x":17.71713638305664,"y":0.47710126638412478,"z":0.0},"rotation":{"x":0.2885151207447052,"y":0.02902071364223957,"z":-0.008733822964131832,"w":0.9570151567459106},"size":2.0673186779022219,"orthographic":false}