{"cameraMode":{"drawMode":0,"name":"Shaded","section":"Shading Mode"},"sceneLighting":false,"audioPlay":false,"sceneViewState":{"showFog":true,"showMaterialUpdate":true,"showSkybox":false,"showFlares":true,"showImageEffects":true,"showParticleSystems":true},"in2DMode":false,"pivot":{"x":11.020000457763672,"y":0.7799999713897705,"z":13.020000457763672},"rotation":{"x":-0.21610693633556367,"y":0.4470973014831543,"z":-0.11227189004421234,"w":-0.8607107996940613},"size":3.9851014614105226,"orthographic":false}