{"cameraMode":{"drawMode":0,"name":"Shaded","section":"Shading Mode"},"sceneLighting":false,"audioPlay":false,"sceneViewState":{"showFog":true,"showMaterialUpdate":true,"showSkybox":false,"showFlares":true,"showImageEffects":true,"showParticleSystems":true},"in2DMode":false,"pivot":{"x":3.4291298389434816,"y":1.3359129428863526,"z":11.446039199829102},"rotation":{"x":0.09094802290201187,"y":0.7369222044944763,"z":-0.10121931880712509,"w":0.6621446013450623},"size":0.2006576657295227,"orthographic":false}