{"cameraMode":{"drawMode":0,"name":"Shaded","section":"Shading Mode"},"sceneLighting":false,"audioPlay":false,"sceneViewState":{"showFog":true,"showMaterialUpdate":true,"showSkybox":true,"showFlares":true,"showImageEffects":true,"showParticleSystems":true},"in2DMode":false,"pivot":{"x":10.830987930297852,"y":-6.07139778137207,"z":12.957962989807129},"rotation":{"x":-0.405180960893631,"y":-0.022763486951589586,"z":0.010092261247336865,"w":-0.9139106273651123},"size":28.441640853881837,"orthographic":false}