{"cameraMode":{"drawMode":0,"name":"Shaded","section":"Shading Mode"},"sceneLighting":false,"audioPlay":false,"sceneViewState":{"showFog":true,"showMaterialUpdate":true,"showSkybox":false,"showFlares":true,"showImageEffects":true,"showParticleSystems":true},"in2DMode":false,"pivot":{"x":11.581656455993653,"y":0.48205363750457766,"z":13.079999923706055},"rotation":{"x":0.09659389406442642,"y":0.890982449054718,"z":-0.2251340001821518,"w":0.38227638602256777},"size":2.3535356521606447,"orthographic":false}