{"cameraMode":{"drawMode":0,"name":"Shaded","section":"Shading Mode"},"sceneLighting":false,"audioPlay":false,"sceneViewState":{"showFog":true,"showMaterialUpdate":true,"showSkybox":false,"showFlares":true,"showImageEffects":true,"showParticleSystems":true},"in2DMode":false,"pivot":{"x":-1.7100012302398682,"y":1.8999998569488526,"z":0.0199994295835495},"rotation":{"x":-0.33174100518226626,"y":-0.16246840357780457,"z":0.05809842422604561,"w":-0.9274706840515137},"size":2.018333673477173,"orthographic":false}