{"cameraMode":{"drawMode":0,"name":"Shaded","section":"Shading Mode"},"sceneLighting":false,"audioPlay":false,"sceneViewState":{"showFog":true,"showMaterialUpdate":true,"showSkybox":false,"showFlares":true,"showImageEffects":true,"showParticleSystems":true},"in2DMode":false,"pivot":{"x":11.599542617797852,"y":0.47740131616592409,"z":13.042070388793946},"rotation":{"x":-0.3200574517250061,"y":-0.010802227072417736,"z":0.0036509940400719644,"w":-0.9473407864570618},"size":2.3610873222351076,"orthographic":false}