{"cameraMode":{"drawMode":0,"name":"Shaded","section":"Shading Mode"},"sceneLighting":false,"audioPlay":false,"sceneViewState":{"showFog":true,"showMaterialUpdate":true,"showSkybox":false,"showFlares":true,"showImageEffects":true,"showParticleSystems":true},"in2DMode":false,"pivot":{"x":0.0,"y":0.30000001192092898,"z":0.5699999928474426},"rotation":{"x":-0.3266580104827881,"y":-0.03487204387784004,"z":0.012061475776135922,"w":-0.9444255828857422},"size":3.437333583831787,"orthographic":false}