{"cameraMode":{"drawMode":0,"name":"Shaded","section":"Shading Mode"},"sceneLighting":true,"audioPlay":false,"sceneViewState":{"showFog":true,"showMaterialUpdate":true,"showSkybox":true,"showFlares":true,"showImageEffects":true,"showParticleSystems":true},"in2DMode":false,"pivot":{"x":2146.428955078125,"y":140.49072265625,"z":854.3657836914063},"rotation":{"x":0.1366015076637268,"y":-0.7966409921646118,"z":0.1963268369436264,"w":0.555231511592865},"size":52.24593734741211,"orthographic":false}