{"cameraMode":{"drawMode":0,"name":"Shaded","section":"Shading Mode"},"sceneLighting":false,"audioPlay":false,"sceneViewState":{"showFog":true,"showMaterialUpdate":true,"showSkybox":false,"showFlares":true,"showImageEffects":true,"showParticleSystems":true},"in2DMode":false,"pivot":{"x":2171.945068359375,"y":111.1728744506836,"z":1228.108154296875},"rotation":{"x":0.003958537708967924,"y":-0.9888492226600647,"z":0.026705294847488405,"w":0.14670975506305695},"size":2.5596606731414797,"orthographic":false}